"Cages Track Number",Date,"Tippler Start Time","Tippler Stop Time","Cages Out","Cages Tipped",Note,"Checked By","Acknowledged By","Jumlah Cage/Lori Tercatat",Status,Time,"Cage Dicentang","Total Cages","Cages Remain"
CT-0334-7507,2026-09-07,"2026-08-14 02:38:00","2026-08-14 08:38:00",13,9,,,,3,synced,8,"1,2,7,8,9",5,4
CT-0334-7507,2026-09-07,"2026-08-14 02:38:00","2026-08-14 08:38:00",13,9,,,,3,synced,13,"2,5",2,7
CT-0334-7507,2026-09-07,"2026-08-14 02:38:00","2026-08-14 08:38:00",13,9,,,,3,synced,18,"4,8",2,7
CT-7191-7038,2026-09-06,"2026-08-15 06:52:00","2026-08-15 13:52:00",19,8,,"Supervisor A",,5,synced,6,"2,3",2,6
CT-7191-7038,2026-09-06,"2026-08-15 06:52:00","2026-08-15 13:52:00",19,8,,"Supervisor A",,5,synced,12,"2,7",2,6
CT-7191-7038,2026-09-06,"2026-08-15 06:52:00","2026-08-15 13:52:00",19,8,,"Supervisor A",,5,synced,13,"3,5,7,8",4,4
CT-7191-7038,2026-09-06,"2026-08-15 06:52:00","2026-08-15 13:52:00",19,8,,"Supervisor A",,5,synced,14,"3,5,6,7,8",5,3
CT-7191-7038,2026-09-06,"2026-08-15 06:52:00","2026-08-15 13:52:00",19,8,,"Supervisor A",,5,synced,15,1,1,7
CT-9924-9109,2026-09-06,"2026-08-24 03:36:00","2026-08-24 09:36:00",17,13,,,,2,synced,15,"10,13",2,11
CT-9924-9109,2026-09-06,"2026-08-24 03:36:00","2026-08-24 09:36:00",17,13,,,,2,synced,18,12,1,12
CT-4411-6736,2026-09-06,"2026-08-11 05:56:00","2026-08-11 13:56:00",5,13,,"Supervisor B","Mill Management B",3,synced,6,11,1,12
CT-4411-6736,2026-09-06,"2026-08-11 05:56:00","2026-08-11 13:56:00",5,13,,"Supervisor B","Mill Management B",3,synced,12,"1,12,13",3,10
CT-4411-6736,2026-09-06,"2026-08-11 05:56:00","2026-08-11 13:56:00",5,13,,"Supervisor B","Mill Management B",3,synced,13,"3,4,5",3,10
CT-0647-7477,2026-09-03,"2026-08-30 02:53:00","2026-08-30 07:53:00",8,14,,"Supervisor A","Mill Management A",2,synced,7,"3,5,10",3,11
CT-0647-7477,2026-09-03,"2026-08-30 02:53:00","2026-08-30 07:53:00",8,14,,"Supervisor A","Mill Management A",2,synced,18,"8,12",2,12
CT-4851-6141,2026-09-02,"2026-08-17 05:57:00","2026-08-17 11:57:00",7,10,"Consequatur sit neque nobis.","Supervisor A",,4,synced,6,"6,9,10",3,7
CT-4851-6141,2026-09-02,"2026-08-17 05:57:00","2026-08-17 11:57:00",7,10,"Consequatur sit neque nobis.","Supervisor A",,4,synced,10,"1,2,6,9",4,6
CT-4851-6141,2026-09-02,"2026-08-17 05:57:00","2026-08-17 11:57:00",7,10,"Consequatur sit neque nobis.","Supervisor A",,4,synced,15,"1,2,5,7,8",5,5
CT-4851-6141,2026-09-02,"2026-08-17 05:57:00","2026-08-17 11:57:00",7,10,"Consequatur sit neque nobis.","Supervisor A",,4,synced,18,"4,6,9",3,7
CT-9046-4988,2026-09-01,"2026-08-26 02:33:00","2026-08-26 08:33:00",7,13,"Ut id aut minima hic rem.",,"Mill Management C",3,synced,12,"2,7,9,10,11",5,8
CT-9046-4988,2026-09-01,"2026-08-26 02:33:00","2026-08-26 08:33:00",7,13,"Ut id aut minima hic rem.",,"Mill Management C",3,synced,14,"4,9,13",3,10
CT-9046-4988,2026-09-01,"2026-08-26 02:33:00","2026-08-26 08:33:00",7,13,"Ut id aut minima hic rem.",,"Mill Management C",3,synced,15,"5,6,7,8,11",5,8
CT-8971-3939,2026-09-01,"2026-08-08 10:35:00","2026-08-08 14:35:00",9,10,"Sint sequi neque aliquam odio.","Supervisor D",,4,synced,9,"1,3,9,10",4,6
CT-8971-3939,2026-09-01,"2026-08-08 10:35:00","2026-08-08 14:35:00",9,10,"Sint sequi neque aliquam odio.","Supervisor D",,4,synced,11,2,1,9
CT-8971-3939,2026-09-01,"2026-08-08 10:35:00","2026-08-08 14:35:00",9,10,"Sint sequi neque aliquam odio.","Supervisor D",,4,synced,15,"2,3,6,7,10",5,5
CT-8971-3939,2026-09-01,"2026-08-08 10:35:00","2026-08-08 14:35:00",9,10,"Sint sequi neque aliquam odio.","Supervisor D",,4,synced,16,"6,7,9,10",4,6
CT-1275-1867,2026-08-31,"2026-08-08 10:09:00","2026-08-08 12:09:00",18,11,"Veritatis maxime iste velit ducimus qui id molestiae.","Supervisor A","Mill Management A",4,synced,11,3,1,10
CT-1275-1867,2026-08-31,"2026-08-08 10:09:00","2026-08-08 12:09:00",18,11,"Veritatis maxime iste velit ducimus qui id molestiae.","Supervisor A","Mill Management A",4,synced,14,"7,8",2,9
CT-1275-1867,2026-08-31,"2026-08-08 10:09:00","2026-08-08 12:09:00",18,11,"Veritatis maxime iste velit ducimus qui id molestiae.","Supervisor A","Mill Management A",4,synced,15,"1,2,7,11",4,7
CT-1275-1867,2026-08-31,"2026-08-08 10:09:00","2026-08-08 12:09:00",18,11,"Veritatis maxime iste velit ducimus qui id molestiae.","Supervisor A","Mill Management A",4,synced,16,"7,8",2,9
CT-0729-9381,2026-08-29,"2026-09-06 08:08:00","2026-09-06 13:08:00",19,14,,"Supervisor A","Mill Management A",2,synced,13,"5,7,9,11,12",5,9
CT-0729-9381,2026-08-29,"2026-09-06 08:08:00","2026-09-06 13:08:00",19,14,,"Supervisor A","Mill Management A",2,synced,17,"4,8,9",3,11
CT-5240-4387,2026-08-29,"2026-08-13 08:31:00","2026-08-13 16:31:00",6,15,,"Supervisor B","Mill Management B",4,synced,11,"6,9,11,14",4,11
CT-5240-4387,2026-08-29,"2026-08-13 08:31:00","2026-08-13 16:31:00",6,15,,"Supervisor B","Mill Management B",4,synced,15,"7,11,12,14",4,11
CT-5240-4387,2026-08-29,"2026-08-13 08:31:00","2026-08-13 16:31:00",6,15,,"Supervisor B","Mill Management B",4,synced,16,"3,4,6,9,15",5,10
CT-5240-4387,2026-08-29,"2026-08-13 08:31:00","2026-08-13 16:31:00",6,15,,"Supervisor B","Mill Management B",4,synced,18,"6,7,9",3,12
CT-8715-6221,2026-08-27,"2026-09-02 01:11:00","2026-09-02 03:11:00",8,14,,"Supervisor D","Mill Management D",4,synced,6,"6,8,10,11,12",5,9
CT-8715-6221,2026-08-27,"2026-09-02 01:11:00","2026-09-02 03:11:00",8,14,,"Supervisor D","Mill Management D",4,synced,10,1,1,13
CT-8715-6221,2026-08-27,"2026-09-02 01:11:00","2026-09-02 03:11:00",8,14,,"Supervisor D","Mill Management D",4,synced,15,"1,4,9,12",4,10
CT-8715-6221,2026-08-27,"2026-09-02 01:11:00","2026-09-02 03:11:00",8,14,,"Supervisor D","Mill Management D",4,synced,16,"4,5,12",3,11
CT-4000-1285,2026-08-26,"2026-08-27 11:12:00","2026-08-27 12:12:00",8,9,,"Supervisor A",,5,synced,7,"2,3,5,8,9",5,4
CT-4000-1285,2026-08-26,"2026-08-27 11:12:00","2026-08-27 12:12:00",8,9,,"Supervisor A",,5,synced,11,"2,4,6",3,6
CT-4000-1285,2026-08-26,"2026-08-27 11:12:00","2026-08-27 12:12:00",8,9,,"Supervisor A",,5,synced,12,"1,5,6,7,8",5,4
CT-4000-1285,2026-08-26,"2026-08-27 11:12:00","2026-08-27 12:12:00",8,9,,"Supervisor A",,5,synced,13,"1,4,5,8",4,5
CT-4000-1285,2026-08-26,"2026-08-27 11:12:00","2026-08-27 12:12:00",8,9,,"Supervisor A",,5,synced,18,"4,6",2,7
CT-4495-1655,2026-08-26,"2026-08-17 09:17:00","2026-08-17 10:17:00",10,10,"Nulla ut dolor qui nemo facere excepturi.",,,5,synced,6,"1,4,6,8,10",5,5
CT-4495-1655,2026-08-26,"2026-08-17 09:17:00","2026-08-17 10:17:00",10,10,"Nulla ut dolor qui nemo facere excepturi.",,,5,synced,8,"5,6,8,9,10",5,5
CT-4495-1655,2026-08-26,"2026-08-17 09:17:00","2026-08-17 10:17:00",10,10,"Nulla ut dolor qui nemo facere excepturi.",,,5,synced,9,"3,8,9",3,7
CT-4495-1655,2026-08-26,"2026-08-17 09:17:00","2026-08-17 10:17:00",10,10,"Nulla ut dolor qui nemo facere excepturi.",,,5,synced,12,"1,3,4,8",4,6
CT-4495-1655,2026-08-26,"2026-08-17 09:17:00","2026-08-17 10:17:00",10,10,"Nulla ut dolor qui nemo facere excepturi.",,,5,synced,13,5,1,9
CT-4054-4543,2026-08-26,"2026-09-06 03:12:00","2026-09-06 05:12:00",20,8,"Est autem et dolorum.",,"Mill Management C",2,synced,7,"7,8",2,6
CT-4054-4543,2026-08-26,"2026-09-06 03:12:00","2026-09-06 05:12:00",20,8,"Est autem et dolorum.",,"Mill Management C",2,synced,18,"3,4,8",3,5
CT-4036-3100,2026-08-25,"2026-08-15 00:05:00","2026-08-15 07:05:00",11,9,,"Supervisor B",,3,synced,10,"1,2,4,5",4,5
CT-4036-3100,2026-08-25,"2026-08-15 00:05:00","2026-08-15 07:05:00",11,9,,"Supervisor B",,3,synced,15,"2,4",2,7
CT-4036-3100,2026-08-25,"2026-08-15 00:05:00","2026-08-15 07:05:00",11,9,,"Supervisor B",,3,synced,18,"1,2,4,6,8",5,4
