"Grading Number",Date,"WB Card Number","License Plate No","Vehicle Code",Estate/Supplier,Division,Netto,Quantity,Note,"Checked By","Acknowledged By",Status,"Quality Parameter",Qty,UOM,"Percentage (%)"
GR-614941,2026-09-06,WB-066021,"B 6122IY",TR-84,"Johnston PLC",nemo,10321.12,98.94,"Consequatur eos ex cumque autem qui laudantium.","Supervisor A",,synced,"Mengkal / Kurang Masak",59.29,kg,34.35
GR-614941,2026-09-06,WB-066021,"B 6122IY",TR-84,"Johnston PLC",nemo,10321.12,98.94,"Consequatur eos ex cumque autem qui laudantium.","Supervisor A",,synced,"Over ripe R-1",69.48,kg,52.15
GR-614941,2026-09-06,WB-066021,"B 6122IY",TR-84,"Johnston PLC",nemo,10321.12,98.94,"Consequatur eos ex cumque autem qui laudantium.","Supervisor A",,synced,"Hard bunch",9.87,kg,66.15
GR-669978,2026-09-06,WB-269606,"B 4541HV",TR-93,"Prosacco Inc",deleniti,11773.68,65.4,"Omnis eos iusto autem sapiente qui praesentium cum quos.","Supervisor D",,synced,"Over ripe R->2",84.15,bunch,10.87
GR-669978,2026-09-06,WB-269606,"B 4541HV",TR-93,"Prosacco Inc",deleniti,11773.68,65.4,"Omnis eos iusto autem sapiente qui praesentium cum quos.","Supervisor D",,synced,"Parthenocarpic / Abnormal",80.64,kg,32.86
GR-669978,2026-09-06,WB-269606,"B 4541HV",TR-93,"Prosacco Inc",deleniti,11773.68,65.4,"Omnis eos iusto autem sapiente qui praesentium cum quos.","Supervisor D",,synced,"Buah kecil / < 3.5 kg",48.51,kg,48.09
GR-669978,2026-09-06,WB-269606,"B 4541HV",TR-93,"Prosacco Inc",deleniti,11773.68,65.4,"Omnis eos iusto autem sapiente qui praesentium cum quos.","Supervisor D",,synced,"Brondolan Segar",89,kg,21.03
GR-839555,2026-09-05,WB-581250,"B 4897KB",TR-42,Torphy-Klein,aliquid,11238.59,106.11,"Odio eos atque dolore est eveniet et minus.","Supervisor B","Mill Management B",synced,Mentah,14.79,kg,90.21
GR-839555,2026-09-05,WB-581250,"B 4897KB",TR-42,Torphy-Klein,aliquid,11238.59,106.11,"Odio eos atque dolore est eveniet et minus.","Supervisor B","Mill Management B",synced,"Over ripe R-2",7.77,kg,69.44
GR-839555,2026-09-05,WB-581250,"B 4897KB",TR-42,Torphy-Klein,aliquid,11238.59,106.11,"Odio eos atque dolore est eveniet et minus.","Supervisor B","Mill Management B",synced,"Buah kecil / < 3.5 kg",51.31,bunch,89.22
GR-927121,2026-09-05,WB-194201,"B 8004LP",TR-20,"Cronin Inc",aut,7284.26,56.06,,,"Mill Management D",synced,"Mengkal / Kurang Masak",57.46,kg,37.08
GR-927121,2026-09-05,WB-194201,"B 8004LP",TR-20,"Cronin Inc",aut,7284.26,56.06,,,"Mill Management D",synced,Masak,64,kg,32.54
GR-927121,2026-09-05,WB-194201,"B 8004LP",TR-20,"Cronin Inc",aut,7284.26,56.06,,,"Mill Management D",synced,"Over ripe R->2",47.85,kg,86.84
GR-927121,2026-09-05,WB-194201,"B 8004LP",TR-20,"Cronin Inc",aut,7284.26,56.06,,,"Mill Management D",synced,"Buah Sakit",31.41,kg,88.76
GR-842985,2026-09-04,WB-483649,"B 3408QD",TR-23,Howell-Torp,nam,10592.08,187.97,,,,synced,"Brondolan Busuk",90.29,bunch,47.75
GR-842985,2026-09-04,WB-483649,"B 3408QD",TR-23,Howell-Torp,nam,10592.08,187.97,,,,synced,"Brondolan Sampah",82.07,kg,72.93
GR-947117,2026-09-02,WB-526082,"B 4687EL",TR-88,Lang-Cruickshank,eligendi,6856.31,172.86,"Consequatur nesciunt molestiae ratione rerum ut aliquid.","Supervisor A",,synced,"Over ripe R-1",51.85,bunch,76.32
GR-947117,2026-09-02,WB-526082,"B 4687EL",TR-88,Lang-Cruickshank,eligendi,6856.31,172.86,"Consequatur nesciunt molestiae ratione rerum ut aliquid.","Supervisor A",,synced,"Buah Sakit",26.59,kg,68.15
GR-947117,2026-09-02,WB-526082,"B 4687EL",TR-88,Lang-Cruickshank,eligendi,6856.31,172.86,"Consequatur nesciunt molestiae ratione rerum ut aliquid.","Supervisor A",,synced,"Buah Masak Tangkai Panjang",82.16,kg,74.77
GR-888122,2026-09-02,WB-707314,"B 5653ZS",TR-35,"Grant, Bosco and Schuppe",occaecati,17194.94,92.34,,"Supervisor B",,synced,Mentah,97.68,bunch,70.07
GR-888122,2026-09-02,WB-707314,"B 5653ZS",TR-35,"Grant, Bosco and Schuppe",occaecati,17194.94,92.34,,"Supervisor B",,synced,"Over ripe R-2",17.99,bunch,25.34
GR-888122,2026-09-02,WB-707314,"B 5653ZS",TR-35,"Grant, Bosco and Schuppe",occaecati,17194.94,92.34,,"Supervisor B",,synced,"Over ripe R->2",55.16,bunch,60.59
GR-888122,2026-09-02,WB-707314,"B 5653ZS",TR-35,"Grant, Bosco and Schuppe",occaecati,17194.94,92.34,,"Supervisor B",,synced,"Brondolan Busuk",18.15,kg,21.9
GR-255197,2026-09-02,WB-485965,"B 1223AH",TR-86,"Zboncak, Cruickshank and Herzog",consequatur,13597.37,106.86,"Quidem et ipsam expedita aperiam hic rerum omnis.","Supervisor D",,synced,Mentah,19.75,kg,4.81
GR-255197,2026-09-02,WB-485965,"B 1223AH",TR-86,"Zboncak, Cruickshank and Herzog",consequatur,13597.37,106.86,"Quidem et ipsam expedita aperiam hic rerum omnis.","Supervisor D",,synced,"Mengkal / Kurang Masak",66.69,bunch,74.11
GR-255197,2026-09-02,WB-485965,"B 1223AH",TR-86,"Zboncak, Cruickshank and Herzog",consequatur,13597.37,106.86,"Quidem et ipsam expedita aperiam hic rerum omnis.","Supervisor D",,synced,"Over ripe R->2",72.71,kg,99.95
GR-255197,2026-09-02,WB-485965,"B 1223AH",TR-86,"Zboncak, Cruickshank and Herzog",consequatur,13597.37,106.86,"Quidem et ipsam expedita aperiam hic rerum omnis.","Supervisor D",,synced,"Dimakan Hama / Tikus / Lainnya",26.68,kg,80.07
GR-982834,2026-09-01,WB-214952,"B 0166VG",TR-28,"Rolfson and Sons",aperiam,11222.33,88.17,,,,synced,"Over ripe R-1",34.76,kg,16.03
GR-982834,2026-09-01,WB-214952,"B 0166VG",TR-28,"Rolfson and Sons",aperiam,11222.33,88.17,,,,synced,"Buah Masak Tangkai Panjang",77.24,bunch,57.68
GR-982834,2026-09-01,WB-214952,"B 0166VG",TR-28,"Rolfson and Sons",aperiam,11222.33,88.17,,,,synced,"Dimakan Hama / Tikus / Lainnya",42.63,bunch,23.49
GR-524386,2026-09-01,WB-846594,"B 7702YC",TR-31,"Kessler, Howell and Kessler",at,12372.64,108.19,"Error aut illum deserunt vero.",,,synced,"Over ripe R->2",67.76,bunch,55.75
GR-524386,2026-09-01,WB-846594,"B 7702YC",TR-31,"Kessler, Howell and Kessler",at,12372.64,108.19,"Error aut illum deserunt vero.",,,synced,"Hard bunch",82.73,bunch,68.3
GR-109707,2026-08-30,WB-846594,"B 7702YC",TR-73,"Kessler, Howell and Kessler",at,7921.24,136.48,"Architecto quis natus quae voluptate corporis porro sint optio.","Supervisor C","Mill Management C",synced,"Over ripe R-1",72,kg,13.04
GR-109707,2026-08-30,WB-846594,"B 7702YC",TR-73,"Kessler, Howell and Kessler",at,7921.24,136.48,"Architecto quis natus quae voluptate corporis porro sint optio.","Supervisor C","Mill Management C",synced,"Dimakan Hama / Tikus / Lainnya",91.34,kg,54.35
GR-105324,2026-08-28,WB-066021,"B 6122IY",TR-93,"Johnston PLC",nemo,12069.09,106.11,,,,synced,Mentah,9.33,kg,36.16
GR-105324,2026-08-28,WB-066021,"B 6122IY",TR-93,"Johnston PLC",nemo,12069.09,106.11,,,,synced,Masak,88.88,kg,28.24
GR-105324,2026-08-28,WB-066021,"B 6122IY",TR-93,"Johnston PLC",nemo,12069.09,106.11,,,,synced,"Parthenocarpic / Abnormal",21.06,kg,6.69
GR-105324,2026-08-28,WB-066021,"B 6122IY",TR-93,"Johnston PLC",nemo,12069.09,106.11,,,,synced,"Brondolan Segar",52.3,kg,21.83
GR-466972,2026-08-28,WB-707314,"B 5653ZS",TR-01,"Grant, Bosco and Schuppe",occaecati,13415.95,189.06,,,"Mill Management B",synced,"Mengkal / Kurang Masak",30.08,kg,51.36
GR-466972,2026-08-28,WB-707314,"B 5653ZS",TR-01,"Grant, Bosco and Schuppe",occaecati,13415.95,189.06,,,"Mill Management B",synced,"Buah Masak Tangkai Panjang",72.67,bunch,19.1
GR-092586,2026-08-27,WB-474917,"B 5289UH",TR-94,Gusikowski-Casper,voluptates,12396.79,68.33,"Itaque magnam modi repellendus atque voluptatem.","Supervisor A",,synced,"Janjang Kosong",15.95,kg,48.53
GR-092586,2026-08-27,WB-474917,"B 5289UH",TR-94,Gusikowski-Casper,voluptates,12396.79,68.33,"Itaque magnam modi repellendus atque voluptatem.","Supervisor A",,synced,"Buah kecil / < 3.5 kg",57.43,bunch,71.28
GR-092586,2026-08-27,WB-474917,"B 5289UH",TR-94,Gusikowski-Casper,voluptates,12396.79,68.33,"Itaque magnam modi repellendus atque voluptatem.","Supervisor A",,synced,"Brondolan Segar",13.62,kg,50.48
GR-092586,2026-08-27,WB-474917,"B 5289UH",TR-94,Gusikowski-Casper,voluptates,12396.79,68.33,"Itaque magnam modi repellendus atque voluptatem.","Supervisor A",,synced,"Brondolan Busuk",42.4,bunch,11.64
GR-905184,2026-08-25,WB-474917,"B 5289UH",TR-70,Gusikowski-Casper,voluptates,12066.76,50.29,,,,synced,"Over ripe R->2",43.44,bunch,81.9
GR-905184,2026-08-25,WB-474917,"B 5289UH",TR-70,Gusikowski-Casper,voluptates,12066.76,50.29,,,,synced,"Parthenocarpic / Abnormal",21.44,bunch,43.11
GR-905184,2026-08-25,WB-474917,"B 5289UH",TR-70,Gusikowski-Casper,voluptates,12066.76,50.29,,,,synced,"Buah Masak Tangkai Panjang",8.68,bunch,97.07
GR-905184,2026-08-25,WB-474917,"B 5289UH",TR-70,Gusikowski-Casper,voluptates,12066.76,50.29,,,,synced,"Brondolan Segar",24.24,bunch,27.49
GR-386982,2026-08-25,WB-707314,"B 5653ZS",TR-02,"Grant, Bosco and Schuppe",occaecati,7727.98,59.74,,"Supervisor B",,synced,Masak,14.32,bunch,87.06
GR-386982,2026-08-25,WB-707314,"B 5653ZS",TR-02,"Grant, Bosco and Schuppe",occaecati,7727.98,59.74,,"Supervisor B",,synced,"Over ripe R-1",98.55,bunch,92.5
GR-386982,2026-08-25,WB-707314,"B 5653ZS",TR-02,"Grant, Bosco and Schuppe",occaecati,7727.98,59.74,,"Supervisor B",,synced,"Over ripe R-2",78.35,bunch,27.81
