"Storage Tank ID",Date,Note,"Checked By","Acknowledged By",Status,Time-Slot,"CPO Sounding Depth (mm)","Water Dip/Bottom Depth (mm)","Net Oil Depth (mm)","Oil Temperature - Top (°C)","Oil Temperature - Middle (°C)","Oil Temperature - Bottom (°C)","Average Temperature (°C)","Calculated Volume (m³)","Calculated Weight (MT)","FFA (%)","Moisture Content (%)","Impurities/Dirt (%)","DOBI Index","Steam Heating Valve Status","Tank Structural Condition","Inspector Name",Findings
ST-01,2026-09-21,"Transfer ke tanker CD-0912 pukul 14:00","Budi Santoso",,synced,00:00,4607.5,48.4,4559.1,47.4,46.8,46.3,46.9,1878.35,1681.12,2.918,0.177,0.0154,2.686,open_1_2,Baik,"Joko W.",
ST-01,2026-09-21,"Transfer ke tanker CD-0912 pukul 14:00","Budi Santoso",,synced,01:00,4595,48.6,4546.4,47.3,46.7,46.2,46.8,1873.12,1676.44,2.922,0.178,0.0156,2.684,closed,Baik,"Joko W.",
ST-01,2026-09-21,"Transfer ke tanker CD-0912 pukul 14:00","Budi Santoso",,synced,02:00,4582.5,48.8,4533.7,47.3,46.7,46.2,46.7,1867.88,1671.76,2.926,0.179,0.0158,2.682,open_1_2,Baik,"Joko W.",
ST-01,2026-09-21,"Transfer ke tanker CD-0912 pukul 14:00","Budi Santoso",,synced,03:00,4570,49,4521,47.3,46.7,46.2,46.8,1862.65,1667.07,2.93,0.18,0.016,2.68,open_1_2,Baik,"Joko W.",
ST-01,2026-09-21,"Transfer ke tanker CD-0912 pukul 14:00","Budi Santoso",,synced,04:00,4557.5,49.2,4508.3,47.5,46.9,46.4,46.9,1857.42,1662.39,2.934,0.181,0.0162,2.678,open_1_4,Baik,"Joko W.",
ST-01,2026-09-21,"Transfer ke tanker CD-0912 pukul 14:00","Budi Santoso",,synced,05:00,4545,49.4,4495.6,47.7,47.1,46.6,47.1,1852.19,1657.71,2.938,0.182,0.0164,2.676,open_1_2,Baik,"Joko W.",
ST-01,2026-09-21,"Transfer ke tanker CD-0912 pukul 14:00","Budi Santoso",,synced,06:00,4532.5,49.6,4482.9,47.9,47.3,46.8,47.3,1846.95,1653.02,2.942,0.183,0.0166,2.674,open_1_2,Baik,"Joko W.",
ST-01,2026-09-21,"Transfer ke tanker CD-0912 pukul 14:00","Budi Santoso",,synced,07:00,4820,45,4775,48.5,47.9,47.4,47.9,1967.3,1760.73,2.85,0.16,0.012,2.72,closed,Baik,"Andi P.",
ST-01,2026-09-21,"Transfer ke tanker CD-0912 pukul 14:00","Budi Santoso",,synced,08:00,4807.5,45.2,4762.3,48.8,48.2,47.7,48.2,1962.07,1756.05,2.854,0.161,0.0122,2.718,open_1_2,Baik,"Andi P.",
ST-01,2026-09-21,"Transfer ke tanker CD-0912 pukul 14:00","Budi Santoso",,synced,09:00,4795,45.4,4749.6,49.1,48.5,48,48.5,1956.84,1751.37,2.858,0.162,0.0124,2.716,open_1_2,Baik,"Andi P.",
ST-01,2026-09-21,"Transfer ke tanker CD-0912 pukul 14:00","Budi Santoso",,synced,10:00,4782.5,45.6,4736.9,49.3,48.7,48.2,48.8,1951.6,1746.68,2.862,0.163,0.0126,2.714,open_1_4,Baik,"Andi P.",
ST-01,2026-09-21,"Transfer ke tanker CD-0912 pukul 14:00","Budi Santoso",,synced,11:00,4770,45.8,4724.2,49.5,48.9,48.4,48.9,1946.37,1742,2.866,0.164,0.0128,2.712,open_1_2,Baik,"Andi P.",
ST-01,2026-09-21,"Transfer ke tanker CD-0912 pukul 14:00","Budi Santoso",,synced,12:00,4757.5,46,4711.5,49.6,49,48.5,49.1,1941.14,1737.32,2.87,0.165,0.013,2.71,open_1_2,Baik,"Andi P.",
ST-01,2026-09-21,"Transfer ke tanker CD-0912 pukul 14:00","Budi Santoso",,synced,13:00,4745,46.2,4698.8,49.7,49.1,48.6,49.1,1935.91,1732.64,2.874,0.166,0.0132,2.708,closed,Baik,"Andi P.",
ST-01,2026-09-21,"Transfer ke tanker CD-0912 pukul 14:00","Budi Santoso",,synced,14:00,4732.5,46.4,4686.1,49.7,49.1,48.6,49.1,1930.67,1727.95,2.878,0.167,0.0134,2.706,open_1_2,Baik,"Andi P.",
ST-01,2026-09-21,"Transfer ke tanker CD-0912 pukul 14:00","Budi Santoso",,synced,15:00,4720,46.6,4673.4,49.6,49,48.5,49,1925.44,1723.27,2.882,0.168,0.0136,2.704,open_1_2,Baik,"Rina S.",
ST-01,2026-09-21,"Transfer ke tanker CD-0912 pukul 14:00","Budi Santoso",,synced,16:00,4707.5,46.8,4660.7,49.4,48.8,48.3,48.9,1920.21,1718.59,2.886,0.169,0.0138,2.702,open_1_4,Baik,"Rina S.","Suhu bottom turun, steam coil dibuka penuh"
ST-01,2026-09-21,"Transfer ke tanker CD-0912 pukul 14:00","Budi Santoso",,synced,17:00,4695,47,4648,49.2,48.6,48.1,48.7,1914.98,1713.9,2.89,0.17,0.014,2.7,open_1_2,Baik,"Rina S.",
ST-01,2026-09-21,"Transfer ke tanker CD-0912 pukul 14:00","Budi Santoso",,synced,18:00,4682.5,47.2,4635.3,49,48.4,47.9,48.4,1909.74,1709.22,2.894,0.171,0.0142,2.698,open_1_2,Baik,"Rina S.",
ST-01,2026-09-21,"Transfer ke tanker CD-0912 pukul 14:00","Budi Santoso",,synced,19:00,4670,47.4,4622.6,48.7,48.1,47.6,48.1,1904.51,1704.54,2.898,0.172,0.0144,2.696,closed,Baik,"Rina S.",
ST-01,2026-09-21,"Transfer ke tanker CD-0912 pukul 14:00","Budi Santoso",,synced,20:00,4657.5,47.6,4609.9,48.4,47.8,47.3,47.8,1899.28,1699.85,2.902,0.173,0.0146,2.694,open_1_2,Baik,"Rina S.",
ST-01,2026-09-21,"Transfer ke tanker CD-0912 pukul 14:00","Budi Santoso",,synced,21:00,4645,47.8,4597.2,48.1,47.5,47,47.5,1894.05,1695.17,2.906,0.174,0.0148,2.692,open_1_2,Baik,"Rina S.",
ST-01,2026-09-21,"Transfer ke tanker CD-0912 pukul 14:00","Budi Santoso",,synced,22:00,4632.5,48,4584.5,47.8,47.2,46.7,47.2,1888.81,1690.49,2.91,0.175,0.015,2.69,open_1_4,Baik,"Rina S.",
ST-01,2026-09-21,"Transfer ke tanker CD-0912 pukul 14:00","Budi Santoso",,synced,23:00,4620,48.2,4571.8,47.6,47,46.5,47,1883.58,1685.81,2.914,0.176,0.0152,2.688,open_1_2,Baik,"Joko W.",
ST-02,2026-09-21,,"Budi Santoso",,synced,00:00,4307.5,48.4,4259.1,47.4,46.8,46.3,46.9,1754.75,1570.5,2.918,0.177,0.0154,2.686,open_1_2,Baik,"Joko W.",
ST-02,2026-09-21,,"Budi Santoso",,synced,01:00,4295,48.6,4246.4,47.3,46.7,46.2,46.8,1749.52,1565.82,2.922,0.178,0.0156,2.684,closed,Baik,"Joko W.",
ST-02,2026-09-21,,"Budi Santoso",,synced,02:00,4282.5,48.8,4233.7,47.3,46.7,46.2,46.7,1744.28,1561.13,2.926,0.179,0.0158,2.682,open_1_2,Baik,"Joko W.",
ST-02,2026-09-21,,"Budi Santoso",,synced,03:00,4270,49,4221,47.3,46.7,46.2,46.8,1739.05,1556.45,2.93,0.18,0.016,2.68,open_1_2,Baik,"Joko W.",
ST-02,2026-09-21,,"Budi Santoso",,synced,04:00,4257.5,49.2,4208.3,47.5,46.9,46.4,46.9,1733.82,1551.77,2.934,0.181,0.0162,2.678,open_1_4,Baik,"Joko W.",
ST-02,2026-09-21,,"Budi Santoso",,synced,05:00,4245,49.4,4195.6,47.7,47.1,46.6,47.1,1728.59,1547.09,2.938,0.182,0.0164,2.676,open_1_2,Baik,"Joko W.",
ST-02,2026-09-21,,"Budi Santoso",,synced,06:00,4232.5,49.6,4182.9,47.9,47.3,46.8,47.3,1723.35,1542.4,2.942,0.183,0.0166,2.674,open_1_2,Baik,"Joko W.",
ST-02,2026-09-21,,"Budi Santoso",,synced,07:00,4520,45,4475,48.5,47.9,47.4,47.9,1843.7,1650.11,2.85,0.16,0.012,2.72,closed,Baik,"Andi P.",
ST-02,2026-09-21,,"Budi Santoso",,synced,08:00,4507.5,45.2,4462.3,48.8,48.2,47.7,48.2,1838.47,1645.43,2.854,0.161,0.0122,2.718,open_1_2,Baik,"Andi P.",
ST-02,2026-09-21,,"Budi Santoso",,synced,09:00,4495,45.4,4449.6,49.1,48.5,48,48.5,1833.24,1640.75,2.858,0.162,0.0124,2.716,open_1_2,Baik,"Andi P.",
ST-02,2026-09-21,,"Budi Santoso",,synced,10:00,4482.5,45.6,4436.9,49.3,48.7,48.2,48.8,1828,1636.06,2.862,0.163,0.0126,2.714,open_1_4,Baik,"Andi P.",
ST-02,2026-09-21,,"Budi Santoso",,synced,11:00,4470,45.8,4424.2,49.5,48.9,48.4,48.9,1822.77,1631.38,2.866,0.164,0.0128,2.712,open_1_2,Baik,"Andi P.",
ST-02,2026-09-21,,"Budi Santoso",,synced,12:00,4457.5,46,4411.5,49.6,49,48.5,49.1,1817.54,1626.7,2.87,0.165,0.013,2.71,open_1_2,Baik,"Andi P.",
ST-02,2026-09-21,,"Budi Santoso",,synced,13:00,4445,46.2,4398.8,49.7,49.1,48.6,49.1,1812.31,1622.01,2.874,0.166,0.0132,2.708,closed,Baik,"Andi P.",
ST-02,2026-09-21,,"Budi Santoso",,synced,14:00,4432.5,46.4,4386.1,49.7,49.1,48.6,49.1,1807.07,1617.33,2.878,0.167,0.0134,2.706,open_1_2,Baik,"Andi P.",
ST-02,2026-09-21,,"Budi Santoso",,synced,15:00,4420,46.6,4373.4,49.6,49,48.5,49,1801.84,1612.65,2.882,0.168,0.0136,2.704,open_1_2,Baik,"Rina S.",
ST-02,2026-09-21,,"Budi Santoso",,synced,16:00,4407.5,46.8,4360.7,49.4,48.8,48.3,48.9,1796.61,1607.96,2.886,0.169,0.0138,2.702,open_1_4,Baik,"Rina S.","Suhu bottom turun, steam coil dibuka penuh"
ST-02,2026-09-21,,"Budi Santoso",,synced,17:00,4395,47,4348,49.2,48.6,48.1,48.7,1791.38,1603.28,2.89,0.17,0.014,2.7,open_1_2,Baik,"Rina S.",
ST-02,2026-09-21,,"Budi Santoso",,synced,18:00,4382.5,47.2,4335.3,49,48.4,47.9,48.4,1786.14,1598.6,2.894,0.171,0.0142,2.698,open_1_2,Baik,"Rina S.",
ST-02,2026-09-21,,"Budi Santoso",,synced,19:00,4370,47.4,4322.6,48.7,48.1,47.6,48.1,1780.91,1593.92,2.898,0.172,0.0144,2.696,closed,Baik,"Rina S.",
ST-02,2026-09-21,,"Budi Santoso",,synced,20:00,4357.5,47.6,4309.9,48.4,47.8,47.3,47.8,1775.68,1589.23,2.902,0.173,0.0146,2.694,open_1_2,Baik,"Rina S.",
ST-02,2026-09-21,,"Budi Santoso",,synced,21:00,4345,47.8,4297.2,48.1,47.5,47,47.5,1770.45,1584.55,2.906,0.174,0.0148,2.692,open_1_2,Baik,"Rina S.",
ST-02,2026-09-21,,"Budi Santoso",,synced,22:00,4332.5,48,4284.5,47.8,47.2,46.7,47.2,1765.21,1579.87,2.91,0.175,0.015,2.69,open_1_4,Baik,"Rina S.",
ST-02,2026-09-21,,"Budi Santoso",,synced,23:00,4320,48.2,4271.8,47.6,47,46.5,47,1759.98,1575.18,2.914,0.176,0.0152,2.688,open_1_2,Baik,"Joko W.",
